text,language_code
my company has not paid my salary for two months,en
please help: my company has not paid my salary for two months,en
urgent request: my company has not paid my salary for two months,en
"dear sir, my company has not paid my salary for two months",en
complaint copy: my company has not paid my salary for two months,en
i want to report: my company has not paid my salary for two months,en
legal issue: my company has not paid my salary for two months,en
grievance: my company has not paid my salary for two months,en
my company has not paid my salary for two months please support me.,en
my company has not paid my salary for two months immediately action required.,en
my company has not paid my salary for two months kindly check this issue.,en
my company has not paid my salary for two months need guidance.,en
"hello, my company has not paid my salary for two months thank you.",en
i want to register a consumer complaint against the seller,en
please help: i want to register a consumer complaint against the seller,en
urgent request: i want to register a consumer complaint against the seller,en
"dear sir, i want to register a consumer complaint against the seller",en
complaint copy: i want to register a consumer complaint against the seller,en
i want to report: i want to register a consumer complaint against the seller,en
legal issue: i want to register a consumer complaint against the seller,en
grievance: i want to register a consumer complaint against the seller,en
i want to register a consumer complaint against the seller please support me.,en
i want to register a consumer complaint against the seller immediately action required.,en
i want to register a consumer complaint against the seller kindly check this issue.,en
i want to register a consumer complaint against the seller need guidance.,en
"hello, i want to register a consumer complaint against the seller thank you.",en
online fraud stole ten thousand rupees via upi scanner,en
please help: online fraud stole ten thousand rupees via upi scanner,en
urgent request: online fraud stole ten thousand rupees via upi scanner,en
"dear sir, online fraud stole ten thousand rupees via upi scanner",en
complaint copy: online fraud stole ten thousand rupees via upi scanner,en
i want to report: online fraud stole ten thousand rupees via upi scanner,en
legal issue: online fraud stole ten thousand rupees via upi scanner,en
grievance: online fraud stole ten thousand rupees via upi scanner,en
online fraud stole ten thousand rupees via upi scanner please support me.,en
online fraud stole ten thousand rupees via upi scanner immediately action required.,en
online fraud stole ten thousand rupees via upi scanner kindly check this issue.,en
online fraud stole ten thousand rupees via upi scanner need guidance.,en
"hello, online fraud stole ten thousand rupees via upi scanner thank you.",en
husband beats me daily and demands dowry harassment,en
please help: husband beats me daily and demands dowry harassment,en
urgent request: husband beats me daily and demands dowry harassment,en
"dear sir, husband beats me daily and demands dowry harassment",en
complaint copy: husband beats me daily and demands dowry harassment,en
i want to report: husband beats me daily and demands dowry harassment,en
legal issue: husband beats me daily and demands dowry harassment,en
grievance: husband beats me daily and demands dowry harassment,en
husband beats me daily and demands dowry harassment please support me.,en
husband beats me daily and demands dowry harassment immediately action required.,en
husband beats me daily and demands dowry harassment kindly check this issue.,en
husband beats me daily and demands dowry harassment need guidance.,en
"hello, husband beats me daily and demands dowry harassment thank you.",en
police refused to register my fir for stolen bike,en
please help: police refused to register my fir for stolen bike,en
urgent request: police refused to register my fir for stolen bike,en
"dear sir, police refused to register my fir for stolen bike",en
complaint copy: police refused to register my fir for stolen bike,en
i want to report: police refused to register my fir for stolen bike,en
legal issue: police refused to register my fir for stolen bike,en
grievance: police refused to register my fir for stolen bike,en
police refused to register my fir for stolen bike please support me.,en
police refused to register my fir for stolen bike immediately action required.,en
police refused to register my fir for stolen bike kindly check this issue.,en
police refused to register my fir for stolen bike need guidance.,en
"hello, police refused to register my fir for stolen bike thank you.",en
employee contract was terminated without prior notice,en
please help: employee contract was terminated without prior notice,en
urgent request: employee contract was terminated without prior notice,en
"dear sir, employee contract was terminated without prior notice",en
complaint copy: employee contract was terminated without prior notice,en
i want to report: employee contract was terminated without prior notice,en
legal issue: employee contract was terminated without prior notice,en
grievance: employee contract was terminated without prior notice,en
employee contract was terminated without prior notice please support me.,en
employee contract was terminated without prior notice immediately action required.,en
employee contract was terminated without prior notice kindly check this issue.,en
employee contract was terminated without prior notice need guidance.,en
"hello, employee contract was terminated without prior notice thank you.",en
need legal advice regarding property partition dispute with neighbor,en
please help: need legal advice regarding property partition dispute with neighbor,en
urgent request: need legal advice regarding property partition dispute with neighbor,en
"dear sir, need legal advice regarding property partition dispute with neighbor",en
complaint copy: need legal advice regarding property partition dispute with neighbor,en
i want to report: need legal advice regarding property partition dispute with neighbor,en
legal issue: need legal advice regarding property partition dispute with neighbor,en
grievance: need legal advice regarding property partition dispute with neighbor,en
need legal advice regarding property partition dispute with neighbor please support me.,en
need legal advice regarding property partition dispute with neighbor immediately action required.,en
need legal advice regarding property partition dispute with neighbor kindly check this issue.,en
need legal advice regarding property partition dispute with neighbor need guidance.,en
"hello, need legal advice regarding property partition dispute with neighbor thank you.",en
women safety concern and domestic violence reporting,en
please help: women safety concern and domestic violence reporting,en
urgent request: women safety concern and domestic violence reporting,en
"dear sir, women safety concern and domestic violence reporting",en
complaint copy: women safety concern and domestic violence reporting,en
i want to report: women safety concern and domestic violence reporting,en
legal issue: women safety concern and domestic violence reporting,en
grievance: women safety concern and domestic violence reporting,en
women safety concern and domestic violence reporting please support me.,en
women safety concern and domestic violence reporting immediately action required.,en
women safety concern and domestic violence reporting kindly check this issue.,en
women safety concern and domestic violence reporting need guidance.,en
"hello, women safety concern and domestic violence reporting thank you.",en
cyber crime cell help for otp banking scam,en
please help: cyber crime cell help for otp banking scam,en
urgent request: cyber crime cell help for otp banking scam,en
"dear sir, cyber crime cell help for otp banking scam",en
complaint copy: cyber crime cell help for otp banking scam,en
i want to report: cyber crime cell help for otp banking scam,en
retail store refused to refund money for defective product,en
unpaid wages from my textile employer for a long time,en
landlord is threatening to evict me without notice,en
stolen money through internet banking phishing link,en
illegal construction by neighbor on my side of land,en
physical assault and threat by local goons,en
need free legal representative for labor court,en
refund delay on e-commerce transaction refund status,en
sexual harassment at workplace by senior executive,en
fraudulent call pretending to be bank manager took money,en
wrongful termination from service without pay,en
என் சம்பளம் இரண்டு மாதமாக தரவில்லை என்ன செய்வது,ta
please help: என் சம்பளம் இரண்டு மாதமாக தரவில்லை என்ன செய்வது,ta
urgent request: என் சம்பளம் இரண்டு மாதமாக தரவில்லை என்ன செய்வது,ta
"dear sir, என் சம்பளம் இரண்டு மாதமாக தரவில்லை என்ன செய்வது",ta
complaint copy: என் சம்பளம் இரண்டு மாதமாக தரவில்லை என்ன செய்வது,ta
i want to report: என் சம்பளம் இரண்டு மாதமாக தரவில்லை என்ன செய்வது,ta
legal issue: என் சம்பளம் இரண்டு மாதமாக தரவில்லை என்ன செய்வது,ta
grievance: என் சம்பளம் இரண்டு மாதமாக தரவில்லை என்ன செய்வது,ta
என் சம்பளம் இரண்டு மாதமாக தரவில்லை என்ன செய்வது please support me.,ta
என் சம்பளம் இரண்டு மாதமாக தரவில்லை என்ன செய்வது immediately action required.,ta
என் சம்பளம் இரண்டு மாதமாக தரவில்லை என்ன செய்வது kindly check this issue.,ta
என் சம்பளம் இரண்டு மாதமாக தரவில்லை என்ன செய்வது need guidance.,ta
"hello, என் சம்பளம் இரண்டு மாதமாக தரவில்லை என்ன செய்வது thank you.",ta
நுகர்வோர் நீதிமன்றத்தில் புகார் அளிக்க வேண்டும்,ta
please help: நுகர்வோர் நீதிமன்றத்தில் புகார் அளிக்க வேண்டும்,ta
urgent request: நுகர்வோர் நீதிமன்றத்தில் புகார் அளிக்க வேண்டும்,ta
"dear sir, நுகர்வோர் நீதிமன்றத்தில் புகார் அளிக்க வேண்டும்",ta
complaint copy: நுகர்வோர் நீதிமன்றத்தில் புகார் அளிக்க வேண்டும்,ta
i want to report: நுகர்வோர் நீதிமன்றத்தில் புகார் அளிக்க வேண்டும்,ta
legal issue: நுகர்வோர் நீதிமன்றத்தில் புகார் அளிக்க வேண்டும்,ta
grievance: நுகர்வோர் நீதிமன்றத்தில் புகார் அளிக்க வேண்டும்,ta
நுகர்வோர் நீதிமன்றத்தில் புகார் அளிக்க வேண்டும் please support me.,ta
நுகர்வோர் நீதிமன்றத்தில் புகார் அளிக்க வேண்டும் immediately action required.,ta
நுகர்வோர் நீதிமன்றத்தில் புகார் அளிக்க வேண்டும் kindly check this issue.,ta
நுகர்வோர் நீதிமன்றத்தில் புகார் அளிக்க வேண்டும் need guidance.,ta
"hello, நுகர்வோர் நீதிமன்றத்தில் புகார் அளிக்க வேண்டும் thank you.",ta
ஆன்லைன் மோசடி மூலம் பணம் திருடப்பட்டது,ta
please help: ஆன்லைன் மோசடி மூலம் பணம் திருடப்பட்டது,ta
urgent request: ஆன்லைன் மோசடி மூலம் பணம் திருடப்பட்டது,ta
"dear sir, ஆன்லைன் மோசடி மூலம் பணம் திருடப்பட்டது",ta
complaint copy: ஆன்லைன் மோசடி மூலம் பணம் திருடப்பட்டது,ta
i want to report: ஆன்லைன் மோசடி மூலம் பணம் திருடப்பட்டது,ta
legal issue: ஆன்லைன் மோசடி மூலம் பணம் திருடப்பட்டது,ta
grievance: ஆன்லைன் மோசடி மூலம் பணம் திருடப்பட்டது,ta
ஆன்லைன் மோசடி மூலம் பணம் திருடப்பட்டது please support me.,ta
ஆன்லைன் மோசடி மூலம் பணம் திருடப்பட்டது immediately action required.,ta
ஆன்லைன் மோசடி மூலம் பணம் திருடப்பட்டது kindly check this issue.,ta
ஆன்லைன் மோசடி மூலம் பணம் திருடப்பட்டது need guidance.,ta
"hello, ஆன்லைன் மோசடி மூலம் பணம் திருடப்பட்டது thank you.",ta
என் கணவர் என்னை தினமும் அடிக்கிறார் வரதட்சணை கொடுமை,ta
please help: என் கணவர் என்னை தினமும் அடிக்கிறார் வரதட்சணை கொடுமை,ta
urgent request: என் கணவர் என்னை தினமும் அடிக்கிறார் வரதட்சணை கொடுமை,ta
"dear sir, என் கணவர் என்னை தினமும் அடிக்கிறார் வரதட்சணை கொடுமை",ta
complaint copy: என் கணவர் என்னை தினமும் அடிக்கிறார் வரதட்சணை கொடுமை,ta
i want to report: என் கணவர் என்னை தினமும் அடிக்கிறார் வரதட்சணை கொடுமை,ta
legal issue: என் கணவர் என்னை தினமும் அடிக்கிறார் வரதட்சணை கொடுமை,ta
grievance: என் கணவர் என்னை தினமும் அடிக்கிறார் வரதட்சணை கொடுமை,ta
என் கணவர் என்னை தினமும் அடிக்கிறார் வரதட்சணை கொடுமை please support me.,ta
என் கணவர் என்னை தினமும் அடிக்கிறார் வரதட்சணை கொடுமை immediately action required.,ta
என் கணவர் என்னை தினமும் அடிக்கிறார் வரதட்சணை கொடுமை kindly check this issue.,ta
என் கணவர் என்னை தினமும் அடிக்கிறார் வரதட்சணை கொடுமை need guidance.,ta
"hello, என் கணவர் என்னை தினமும் அடிக்கிறார் வரதட்சணை கொடுமை thank you.",ta
காவல் நிலையத்தில் மோட்டார் சைக்கிள் திருட்டு பற்றி எஃப்ஐஆர் பதிவு செய்யவில்லை,ta
please help: காவல் நிலையத்தில் மோட்டார் சைக்கிள் திருட்டு பற்றி எஃப்ஐஆர் பதிவு செய்யவில்லை,ta
urgent request: காவல் நிலையத்தில் மோட்டார் சைக்கிள் திருட்டு பற்றி எஃப்ஐஆர் பதிவு செய்யவில்லை,ta
"dear sir, காவல் நிலையத்தில் மோட்டார் சைக்கிள் திருட்டு பற்றி எஃப்ஐஆர் பதிவு செய்யவில்லை",ta
complaint copy: காவல் நிலையத்தில் மோட்டார் சைக்கிள் திருட்டு பற்றி எஃப்ஐஆர் பதிவு செய்யவில்லை,ta
i want to report: காவல் நிலையத்தில் மோட்டார் சைக்கிள் திருட்டு பற்றி எஃப்ஐஆர் பதிவு செய்யவில்லை,ta
legal issue: காவல் நிலையத்தில் மோட்டார் சைக்கிள் திருட்டு பற்றி எஃப்ஐஆர் பதிவு செய்யவில்லை,ta
grievance: காவல் நிலையத்தில் மோட்டார் சைக்கிள் திருட்டு பற்றி எஃப்ஐஆர் பதிவு செய்யவில்லை,ta
காவல் நிலையத்தில் மோட்டார் சைக்கிள் திருட்டு பற்றி எஃப்ஐஆர் பதிவு செய்யவில்லை please support me.,ta
காவல் நிலையத்தில் மோட்டார் சைக்கிள் திருட்டு பற்றி எஃப்ஐஆர் பதிவு செய்யவில்லை immediately action required.,ta
காவல் நிலையத்தில் மோட்டார் சைக்கிள் திருட்டு பற்றி எஃப்ஐஆர் பதிவு செய்யவில்லை kindly check this issue.,ta
காவல் நிலையத்தில் மோட்டார் சைக்கிள் திருட்டு பற்றி எஃப்ஐஆர் பதிவு செய்யவில்லை need guidance.,ta
"hello, காவல் நிலையத்தில் மோட்டார் சைக்கிள் திருட்டு பற்றி எஃப்ஐஆர் பதிவு செய்யவில்லை thank you.",ta
வேலை நீக்கம் செய்யப்பட்டதற்கான இழப்பீடு வேண்டும்,ta
please help: வேலை நீக்கம் செய்யப்பட்டதற்கான இழப்பீடு வேண்டும்,ta
urgent request: வேலை நீக்கம் செய்யப்பட்டதற்கான இழப்பீடு வேண்டும்,ta
"dear sir, வேலை நீக்கம் செய்யப்பட்டதற்கான இழப்பீடு வேண்டும்",ta
complaint copy: வேலை நீக்கம் செய்யப்பட்டதற்கான இழப்பீடு வேண்டும்,ta
i want to report: வேலை நீக்கம் செய்யப்பட்டதற்கான இழப்பீடு வேண்டும்,ta
legal issue: வேலை நீக்கம் செய்யப்பட்டதற்கான இழப்பீடு வேண்டும்,ta
grievance: வேலை நீக்கம் செய்யப்பட்டதற்கான இழப்பீடு வேண்டும்,ta
வேலை நீக்கம் செய்யப்பட்டதற்கான இழப்பீடு வேண்டும் please support me.,ta
வேலை நீக்கம் செய்யப்பட்டதற்கான இழப்பீடு வேண்டும் immediately action required.,ta
வேலை நீக்கம் செய்யப்பட்டதற்கான இழப்பீடு வேண்டும் kindly check this issue.,ta
வேலை நீக்கம் செய்யப்பட்டதற்கான இழப்பீடு வேண்டும் need guidance.,ta
"hello, வேலை நீக்கம் செய்யப்பட்டதற்கான இழப்பீடு வேண்டும் thank you.",ta
பக்கத்து வீட்டுக்காரருடன் நில எல்லை தகராறு உள்ளது,ta
please help: பக்கத்து வீட்டுக்காரருடன் நில எல்லை தகராறு உள்ளது,ta
urgent request: பக்கத்து வீட்டுக்காரருடன் நில எல்லை தகராறு உள்ளது,ta
"dear sir, பக்கத்து வீட்டுக்காரருடன் நில எல்லை தகராறு உள்ளது",ta
complaint copy: பக்கத்து வீட்டுக்காரருடன் நில எல்லை தகராறு உள்ளது,ta
i want to report: பக்கத்து வீட்டுக்காரருடன் நில எல்லை தகராறு உள்ளது,ta
legal issue: பக்கத்து வீட்டுக்காரருடன் நில எல்லை தகராறு உள்ளது,ta
grievance: பக்கத்து வீட்டுக்காரருடன் நில எல்லை தகராறு உள்ளது,ta
பக்கத்து வீட்டுக்காரருடன் நில எல்லை தகராறு உள்ளது please support me.,ta
பக்கத்து வீட்டுக்காரருடன் நில எல்லை தகராறு உள்ளது immediately action required.,ta
பக்கத்து வீட்டுக்காரருடன் நில எல்லை தகராறு உள்ளது kindly check this issue.,ta
பக்கத்து வீட்டுக்காரருடன் நில எல்லை தகராறு உள்ளது need guidance.,ta
"hello, பக்கத்து வீட்டுக்காரருடன் நில எல்லை தகராறு உள்ளது thank you.",ta
பெண்கள் பாதுகாப்பு மற்றும் குடும்ப வன்முறை புகார்,ta
please help: பெண்கள் பாதுகாப்பு மற்றும் குடும்ப வன்முறை புகார்,ta
urgent request: பெண்கள் பாதுகாப்பு மற்றும் குடும்ப வன்முறை புகார்,ta
"dear sir, பெண்கள் பாதுகாப்பு மற்றும் குடும்ப வன்முறை புகார்",ta
complaint copy: பெண்கள் பாதுகாப்பு மற்றும் குடும்ப வன்முறை புகார்,ta
i want to report: பெண்கள் பாதுகாப்பு மற்றும் குடும்ப வன்முறை புகார்,ta
legal issue: பெண்கள் பாதுகாப்பு மற்றும் குடும்ப வன்முறை புகார்,ta
grievance: பெண்கள் பாதுகாப்பு மற்றும் குடும்ப வன்முறை புகார்,ta
பெண்கள் பாதுகாப்பு மற்றும் குடும்ப வன்முறை புகார் please support me.,ta
பெண்கள் பாதுகாப்பு மற்றும் குடும்ப வன்முறை புகார் immediately action required.,ta
பெண்கள் பாதுகாப்பு மற்றும் குடும்ப வன்முறை புகார் kindly check this issue.,ta
பெண்கள் பாதுகாப்பு மற்றும் குடும்ப வன்முறை புகார் need guidance.,ta
"hello, பெண்கள் பாதுகாப்பு மற்றும் குடும்ப வன்முறை புகார் thank you.",ta
வங்கி கணக்கு விவரங்கள் திருடப்பட்டு பணம் எடுக்கப்பட்டது,ta
please help: வங்கி கணக்கு விவரங்கள் திருடப்பட்டு பணம் எடுக்கப்பட்டது,ta
urgent request: வங்கி கணக்கு விவரங்கள் திருடப்பட்டு பணம் எடுக்கப்பட்டது,ta
"dear sir, வங்கி கணக்கு விவரங்கள் திருடப்பட்டு பணம் எடுக்கப்பட்டது",ta
complaint copy: வங்கி கணக்கு விவரங்கள் திருடப்பட்டு பணம் எடுக்கப்பட்டது,ta
i want to report: வங்கி கணக்கு விவரங்கள் திருடப்பட்டு பணம் எடுக்கப்பட்டது,ta
பழுதடைந்த பொருளுக்கு கடைக்காரர் பணம் திருப்பி தர மறுக்கிறார்,ta
ஜவுளி மில் முதலாளி சம்பளம் தர மறுக்கிறார்,ta
வீட்டு உரிமையாளர் என்னை முன்அறிவிப்பு இன்றி காலி செய்ய சொல்கிறார்,ta
போலி இணையதளத்தில் பணத்தை இழந்துவிட்டேன்,ta
அத்துமீறி எனது நிலத்தில் வேலி அமைத்துள்ளனர்,ta
உடல் ரீதியாக தாக்கி கொலை மிரட்டல் விடுக்கின்றனர்,ta
இலவச வழக்கறிஞர் உதவி பெற விண்ணப்பிப்பது எப்படி,ta
பொருள் வாங்கினோம் ஆனால் ரீஃபண்ட் தரவில்லை,ta
வேலை செய்யும் இடத்தில் பாலியல் தொல்லை தருகின்றனர்,ta
வங்கி கணக்கில் இருந்து திருட்டு தனமாக பணம் எடுக்கப்பட்டுள்ளது,ta
காரணமின்றி வேலையிலிருந்து நீக்கிவிட்டனர்,ta
मेरी कंपनी ने दो महीने से वेतन नहीं दिया है,hi
please help: मेरी कंपनी ने दो महीने से वेतन नहीं दिया है,hi
urgent request: मेरी कंपनी ने दो महीने से वेतन नहीं दिया है,hi
"dear sir, मेरी कंपनी ने दो महीने से वेतन नहीं दिया है",hi
complaint copy: मेरी कंपनी ने दो महीने से वेतन नहीं दिया है,hi
i want to report: मेरी कंपनी ने दो महीने से वेतन नहीं दिया है,hi
legal issue: मेरी कंपनी ने दो महीने से वेतन नहीं दिया है,hi
grievance: मेरी कंपनी ने दो महीने से वेतन नहीं दिया है,hi
मेरी कंपनी ने दो महीने से वेतन नहीं दिया है please support me.,hi
मेरी कंपनी ने दो महीने से वेतन नहीं दिया है immediately action required.,hi
मेरी कंपनी ने दो महीने से वेतन नहीं दिया है kindly check this issue.,hi
मेरी कंपनी ने दो महीने से वेतन नहीं दिया है need guidance.,hi
"hello, मेरी कंपनी ने दो महीने से वेतन नहीं दिया है thank you.",hi
मैं विक्रेता के खिलाफ उपभोक्ता शिकायत दर्ज करना चाहता हूं,hi
please help: मैं विक्रेता के खिलाफ उपभोक्ता शिकायत दर्ज करना चाहता हूं,hi
urgent request: मैं विक्रेता के खिलाफ उपभोक्ता शिकायत दर्ज करना चाहता हूं,hi
"dear sir, मैं विक्रेता के खिलाफ उपभोक्ता शिकायत दर्ज करना चाहता हूं",hi
complaint copy: मैं विक्रेता के खिलाफ उपभोक्ता शिकायत दर्ज करना चाहता हूं,hi
i want to report: मैं विक्रेता के खिलाफ उपभोक्ता शिकायत दर्ज करना चाहता हूं,hi
legal issue: मैं विक्रेता के खिलाफ उपभोक्ता शिकायत दर्ज करना चाहता हूं,hi
grievance: मैं विक्रेता के खिलाफ उपभोक्ता शिकायत दर्ज करना चाहता हूं,hi
मैं विक्रेता के खिलाफ उपभोक्ता शिकायत दर्ज करना चाहता हूं please support me.,hi
मैं विक्रेता के खिलाफ उपभोक्ता शिकायत दर्ज करना चाहता हूं immediately action required.,hi
मैं विक्रेता के खिलाफ उपभोक्ता शिकायत दर्ज करना चाहता हूं kindly check this issue.,hi
मैं विक्रेता के खिलाफ उपभोक्ता शिकायत दर्ज करना चाहता हूं need guidance.,hi
"hello, मैं विक्रेता के खिलाफ उपभोक्ता शिकायत दर्ज करना चाहता हूं thank you.",hi
यूपीआई स्कैनर के जरिए ऑनलाइन धोखाधड़ी से पैसे चोरी हो गए,hi
please help: यूपीआई स्कैनर के जरिए ऑनलाइन धोखाधड़ी से पैसे चोरी हो गए,hi
urgent request: यूपीआई स्कैनर के जरिए ऑनलाइन धोखाधड़ी से पैसे चोरी हो गए,hi
"dear sir, यूपीआई स्कैनर के जरिए ऑनलाइन धोखाधड़ी से पैसे चोरी हो गए",hi
complaint copy: यूपीआई स्कैनर के जरिए ऑनलाइन धोखाधड़ी से पैसे चोरी हो गए,hi
i want to report: यूपीआई स्कैनर के जरिए ऑनलाइन धोखाधड़ी से पैसे चोरी हो गए,hi
legal issue: यूपीआई स्कैनर के जरिए ऑनलाइन धोखाधड़ी से पैसे चोरी हो गए,hi
grievance: यूपीआई स्कैनर के जरिए ऑनलाइन धोखाधड़ी से पैसे चोरी हो गए,hi
यूपीआई स्कैनर के जरिए ऑनलाइन धोखाधड़ी से पैसे चोरी हो गए please support me.,hi
यूपीआई स्कैनर के जरिए ऑनलाइन धोखाधड़ी से पैसे चोरी हो गए immediately action required.,hi
यूपीआई स्कैनर के जरिए ऑनलाइन धोखाधड़ी से पैसे चोरी हो गए kindly check this issue.,hi
यूपीआई स्कैनर के जरिए ऑनलाइन धोखाधड़ी से पैसे चोरी हो गए need guidance.,hi
"hello, यूपीआई स्कैनर के जरिए ऑनलाइन धोखाधड़ी से पैसे चोरी हो गए thank you.",hi
पति रोज मेरे साथ मारपीट करता है और दहेज मांगता है,hi
please help: पति रोज मेरे साथ मारपीट करता है और दहेज मांगता है,hi
urgent request: पति रोज मेरे साथ मारपीट करता है और दहेज मांगता है,hi
"dear sir, पति रोज मेरे साथ मारपीट करता है और दहेज मांगता है",hi
complaint copy: पति रोज मेरे साथ मारपीट करता है और दहेज मांगता है,hi
i want to report: पति रोज मेरे साथ मारपीट करता है और दहेज मांगता है,hi
legal issue: पति रोज मेरे साथ मारपीट करता है और दहेज मांगता है,hi
grievance: पति रोज मेरे साथ मारपीट करता है और दहेज मांगता है,hi
पति रोज मेरे साथ मारपीट करता है और दहेज मांगता है please support me.,hi
पति रोज मेरे साथ मारपीट करता है और दहेज मांगता है immediately action required.,hi
पति रोज मेरे साथ मारपीट करता है और दहेज मांगता है kindly check this issue.,hi
पति रोज मेरे साथ मारपीट करता है और दहेज मांगता है need guidance.,hi
"hello, पति रोज मेरे साथ मारपीट करता है और दहेज मांगता है thank you.",hi
पुलिस ने चोरी हुई बाइक की प्राथमिकी दर्ज करने से इनकार कर दिया,hi
please help: पुलिस ने चोरी हुई बाइक की प्राथमिकी दर्ज करने से इनकार कर दिया,hi
urgent request: पुलिस ने चोरी हुई बाइक की प्राथमिकी दर्ज करने से इनकार कर दिया,hi
"dear sir, पुलिस ने चोरी हुई बाइक की प्राथमिकी दर्ज करने से इनकार कर दिया",hi
complaint copy: पुलिस ने चोरी हुई बाइक की प्राथमिकी दर्ज करने से इनकार कर दिया,hi
i want to report: पुलिस ने चोरी हुई बाइक की प्राथमिकी दर्ज करने से इनकार कर दिया,hi
legal issue: पुलिस ने चोरी हुई बाइक की प्राथमिकी दर्ज करने से इनकार कर दिया,hi
grievance: पुलिस ने चोरी हुई बाइक की प्राथमिकी दर्ज करने से इनकार कर दिया,hi
पुलिस ने चोरी हुई बाइक की प्राथमिकी दर्ज करने से इनकार कर दिया please support me.,hi
पुलिस ने चोरी हुई बाइक की प्राथमिकी दर्ज करने से इनकार कर दिया immediately action required.,hi
पुलिस ने चोरी हुई बाइक की प्राथमिकी दर्ज करने से इनकार कर दिया kindly check this issue.,hi
पुलिस ने चोरी हुई बाइक की प्राथमिकी दर्ज करने से इनकार कर दिया need guidance.,hi
"hello, पुलिस ने चोरी हुई बाइक की प्राथमिकी दर्ज करने से इनकार कर दिया thank you.",hi
बिना किसी सूचना के नौकरी से निकाल दिया गया है,hi
please help: बिना किसी सूचना के नौकरी से निकाल दिया गया है,hi
urgent request: बिना किसी सूचना के नौकरी से निकाल दिया गया है,hi
"dear sir, बिना किसी सूचना के नौकरी से निकाल दिया गया है",hi
complaint copy: बिना किसी सूचना के नौकरी से निकाल दिया गया है,hi
i want to report: बिना किसी सूचना के नौकरी से निकाल दिया गया है,hi
legal issue: बिना किसी सूचना के नौकरी से निकाल दिया गया है,hi
grievance: बिना किसी सूचना के नौकरी से निकाल दिया गया है,hi
बिना किसी सूचना के नौकरी से निकाल दिया गया है please support me.,hi
बिना किसी सूचना के नौकरी से निकाल दिया गया है immediately action required.,hi
बिना किसी सूचना के नौकरी से निकाल दिया गया है kindly check this issue.,hi
बिना किसी सूचना के नौकरी से निकाल दिया गया है need guidance.,hi
"hello, बिना किसी सूचना के नौकरी से निकाल दिया गया है thank you.",hi
पड़ोसी के साथ संपत्ति विवाद के संबंध में कानूनी सलाह चाहिए,hi
please help: पड़ोसी के साथ संपत्ति विवाद के संबंध में कानूनी सलाह चाहिए,hi
urgent request: पड़ोसी के साथ संपत्ति विवाद के संबंध में कानूनी सलाह चाहिए,hi
"dear sir, पड़ोसी के साथ संपत्ति विवाद के संबंध में कानूनी सलाह चाहिए",hi
complaint copy: पड़ोसी के साथ संपत्ति विवाद के संबंध में कानूनी सलाह चाहिए,hi
i want to report: पड़ोसी के साथ संपत्ति विवाद के संबंध में कानूनी सलाह चाहिए,hi
legal issue: पड़ोसी के साथ संपत्ति विवाद के संबंध में कानूनी सलाह चाहिए,hi
grievance: पड़ोसी के साथ संपत्ति विवाद के संबंध में कानूनी सलाह चाहिए,hi
पड़ोसी के साथ संपत्ति विवाद के संबंध में कानूनी सलाह चाहिए please support me.,hi
पड़ोसी के साथ संपत्ति विवाद के संबंध में कानूनी सलाह चाहिए immediately action required.,hi
पड़ोसी के साथ संपत्ति विवाद के संबंध में कानूनी सलाह चाहिए kindly check this issue.,hi
पड़ोसी के साथ संपत्ति विवाद के संबंध में कानूनी सलाह चाहिए need guidance.,hi
"hello, पड़ोसी के साथ संपत्ति विवाद के संबंध में कानूनी सलाह चाहिए thank you.",hi
महिला सुरक्षा और घरेलू हिंसा की शिकायत,hi
please help: महिला सुरक्षा और घरेलू हिंसा की शिकायत,hi
urgent request: महिला सुरक्षा और घरेलू हिंसा की शिकायत,hi
"dear sir, महिला सुरक्षा और घरेलू हिंसा की शिकायत",hi
complaint copy: महिला सुरक्षा और घरेलू हिंसा की शिकायत,hi
i want to report: महिला सुरक्षा और घरेलू हिंसा की शिकायत,hi
legal issue: महिला सुरक्षा और घरेलू हिंसा की शिकायत,hi
grievance: महिला सुरक्षा और घरेलू हिंसा की शिकायत,hi
महिला सुरक्षा और घरेलू हिंसा की शिकायत please support me.,hi
महिला सुरक्षा और घरेलू हिंसा की शिकायत immediately action required.,hi
महिला सुरक्षा और घरेलू हिंसा की शिकायत kindly check this issue.,hi
महिला सुरक्षा और घरेलू हिंसा की शिकायत need guidance.,hi
"hello, महिला सुरक्षा और घरेलू हिंसा की शिकायत thank you.",hi
ओटीपी बैंकिंग घोटाले में साइबर सेल की मदद चाहिए,hi
please help: ओटीपी बैंकिंग घोटाले में साइबर सेल की मदद चाहिए,hi
urgent request: ओटीपी बैंकिंग घोटाले में साइबर सेल की मदद चाहिए,hi
"dear sir, ओटीपी बैंकिंग घोटाले में साइबर सेल की मदद चाहिए",hi
complaint copy: ओटीपी बैंकिंग घोटाले में साइबर सेल की मदद चाहिए,hi
i want to report: ओटीपी बैंकिंग घोटाले में साइबर सेल की मदद चाहिए,hi
दुकानदार ने खराब उत्पाद के लिए पैसे वापस करने से मना कर दिया,hi
कंपनी मालिक सैलरी देने से मना कर रहा है,hi
मकान मालिक बिना नोटिस के घर खाली करवा रहा है,hi
फिशिंग लिंक पर क्लिक करने से बैंक खाता खाली हो गया,hi
पड़ोसी ने हमारी जमीन पर अवैध कब्जा कर लिया है,hi
मारपीट और जान से मारने की धमकी मिल रही है,hi
मुफ्त सरकारी वकील के लिए कैसे आवेदन करें,hi
सामान वापस करने पर भी पैसे रिफंड नहीं मिले,hi
ऑफिस में वरिष्ठ अधिकारियों द्वारा उत्पीड़न,hi
क्रेडिट कार्ड धोखाधड़ी के कारण पैसे कट गए,hi
बिना कारण नौकरी से हटाने पर मुआवजा चाहिए,hi
enaku salary rendu maasam kudukala enna panradhu,ta-en
please help: enaku salary rendu maasam kudukala enna panradhu,ta-en
urgent request: enaku salary rendu maasam kudukala enna panradhu,ta-en
"dear sir, enaku salary rendu maasam kudukala enna panradhu",ta-en
complaint copy: enaku salary rendu maasam kudukala enna panradhu,ta-en
i want to report: enaku salary rendu maasam kudukala enna panradhu,ta-en
legal issue: enaku salary rendu maasam kudukala enna panradhu,ta-en
grievance: enaku salary rendu maasam kudukala enna panradhu,ta-en
enaku salary rendu maasam kudukala enna panradhu please support me.,ta-en
enaku salary rendu maasam kudukala enna panradhu immediately action required.,ta-en
enaku salary rendu maasam kudukala enna panradhu kindly check this issue.,ta-en
enaku salary rendu maasam kudukala enna panradhu need guidance.,ta-en
"hello, enaku salary rendu maasam kudukala enna panradhu thank you.",ta-en
consumer court-la complaint panna help venum,ta-en
please help: consumer court-la complaint panna help venum,ta-en
urgent request: consumer court-la complaint panna help venum,ta-en
"dear sir, consumer court-la complaint panna help venum",ta-en
complaint copy: consumer court-la complaint panna help venum,ta-en
i want to report: consumer court-la complaint panna help venum,ta-en
legal issue: consumer court-la complaint panna help venum,ta-en
grievance: consumer court-la complaint panna help venum,ta-en
consumer court-la complaint panna help venum please support me.,ta-en
consumer court-la complaint panna help venum immediately action required.,ta-en
consumer court-la complaint panna help venum kindly check this issue.,ta-en
consumer court-la complaint panna help venum need guidance.,ta-en
"hello, consumer court-la complaint panna help venum thank you.",ta-en
online fraud la upi vazhiya 10000 ruba thiruttupochu,ta-en
please help: online fraud la upi vazhiya 10000 ruba thiruttupochu,ta-en
urgent request: online fraud la upi vazhiya 10000 ruba thiruttupochu,ta-en
"dear sir, online fraud la upi vazhiya 10000 ruba thiruttupochu",ta-en
complaint copy: online fraud la upi vazhiya 10000 ruba thiruttupochu,ta-en
i want to report: online fraud la upi vazhiya 10000 ruba thiruttupochu,ta-en
legal issue: online fraud la upi vazhiya 10000 ruba thiruttupochu,ta-en
grievance: online fraud la upi vazhiya 10000 ruba thiruttupochu,ta-en
online fraud la upi vazhiya 10000 ruba thiruttupochu please support me.,ta-en
online fraud la upi vazhiya 10000 ruba thiruttupochu immediately action required.,ta-en
online fraud la upi vazhiya 10000 ruba thiruttupochu kindly check this issue.,ta-en
online fraud la upi vazhiya 10000 ruba thiruttupochu need guidance.,ta-en
"hello, online fraud la upi vazhiya 10000 ruba thiruttupochu thank you.",ta-en
en purushan enna dhinamum adikiraaru dowry ketu thontharavu,ta-en
please help: en purushan enna dhinamum adikiraaru dowry ketu thontharavu,ta-en
urgent request: en purushan enna dhinamum adikiraaru dowry ketu thontharavu,ta-en
"dear sir, en purushan enna dhinamum adikiraaru dowry ketu thontharavu",ta-en
complaint copy: en purushan enna dhinamum adikiraaru dowry ketu thontharavu,ta-en
i want to report: en purushan enna dhinamum adikiraaru dowry ketu thontharavu,ta-en
legal issue: en purushan enna dhinamum adikiraaru dowry ketu thontharavu,ta-en
grievance: en purushan enna dhinamum adikiraaru dowry ketu thontharavu,ta-en
en purushan enna dhinamum adikiraaru dowry ketu thontharavu please support me.,ta-en
en purushan enna dhinamum adikiraaru dowry ketu thontharavu immediately action required.,ta-en
en purushan enna dhinamum adikiraaru dowry ketu thontharavu kindly check this issue.,ta-en
en purushan enna dhinamum adikiraaru dowry ketu thontharavu need guidance.,ta-en
"hello, en purushan enna dhinamum adikiraaru dowry ketu thontharavu thank you.",ta-en
police station-la bike thiruttu fir register panna matenguranga,ta-en
please help: police station-la bike thiruttu fir register panna matenguranga,ta-en
urgent request: police station-la bike thiruttu fir register panna matenguranga,ta-en
"dear sir, police station-la bike thiruttu fir register panna matenguranga",ta-en
complaint copy: police station-la bike thiruttu fir register panna matenguranga,ta-en
i want to report: police station-la bike thiruttu fir register panna matenguranga,ta-en
legal issue: police station-la bike thiruttu fir register panna matenguranga,ta-en
grievance: police station-la bike thiruttu fir register panna matenguranga,ta-en
police station-la bike thiruttu fir register panna matenguranga please support me.,ta-en
police station-la bike thiruttu fir register panna matenguranga immediately action required.,ta-en
police station-la bike thiruttu fir register panna matenguranga kindly check this issue.,ta-en
police station-la bike thiruttu fir register panna matenguranga need guidance.,ta-en
"hello, police station-la bike thiruttu fir register panna matenguranga thank you.",ta-en
work-la irundhu sudden-ah thookitanga compensation kidaikuma,ta-en
please help: work-la irundhu sudden-ah thookitanga compensation kidaikuma,ta-en
urgent request: work-la irundhu sudden-ah thookitanga compensation kidaikuma,ta-en
"dear sir, work-la irundhu sudden-ah thookitanga compensation kidaikuma",ta-en
complaint copy: work-la irundhu sudden-ah thookitanga compensation kidaikuma,ta-en
i want to report: work-la irundhu sudden-ah thookitanga compensation kidaikuma,ta-en
legal issue: work-la irundhu sudden-ah thookitanga compensation kidaikuma,ta-en
grievance: work-la irundhu sudden-ah thookitanga compensation kidaikuma,ta-en
work-la irundhu sudden-ah thookitanga compensation kidaikuma please support me.,ta-en
work-la irundhu sudden-ah thookitanga compensation kidaikuma immediately action required.,ta-en
work-la irundhu sudden-ah thookitanga compensation kidaikuma kindly check this issue.,ta-en
work-la irundhu sudden-ah thookitanga compensation kidaikuma need guidance.,ta-en
"hello, work-la irundhu sudden-ah thookitanga compensation kidaikuma thank you.",ta-en
pakkathu veetukararoda land boundary prachana legal advice venum,ta-en
please help: pakkathu veetukararoda land boundary prachana legal advice venum,ta-en
urgent request: pakkathu veetukararoda land boundary prachana legal advice venum,ta-en
"dear sir, pakkathu veetukararoda land boundary prachana legal advice venum",ta-en
complaint copy: pakkathu veetukararoda land boundary prachana legal advice venum,ta-en
i want to report: pakkathu veetukararoda land boundary prachana legal advice venum,ta-en
legal issue: pakkathu veetukararoda land boundary prachana legal advice venum,ta-en
grievance: pakkathu veetukararoda land boundary prachana legal advice venum,ta-en
pakkathu veetukararoda land boundary prachana legal advice venum please support me.,ta-en
pakkathu veetukararoda land boundary prachana legal advice venum immediately action required.,ta-en
pakkathu veetukararoda land boundary prachana legal advice venum kindly check this issue.,ta-en
pakkathu veetukararoda land boundary prachana legal advice venum need guidance.,ta-en
"hello, pakkathu veetukararoda land boundary prachana legal advice venum thank you.",ta-en
women safety domestic violence complaint panna iruken,ta-en
please help: women safety domestic violence complaint panna iruken,ta-en
urgent request: women safety domestic violence complaint panna iruken,ta-en
"dear sir, women safety domestic violence complaint panna iruken",ta-en
complaint copy: women safety domestic violence complaint panna iruken,ta-en
i want to report: women safety domestic violence complaint panna iruken,ta-en
legal issue: women safety domestic violence complaint panna iruken,ta-en
grievance: women safety domestic violence complaint panna iruken,ta-en
women safety domestic violence complaint panna iruken please support me.,ta-en
women safety domestic violence complaint panna iruken immediately action required.,ta-en
women safety domestic violence complaint panna iruken kindly check this issue.,ta-en
women safety domestic violence complaint panna iruken need guidance.,ta-en
"hello, women safety domestic violence complaint panna iruken thank you.",ta-en
bank account hack aagi kaasu poiduchu cyber cell help venum,ta-en
please help: bank account hack aagi kaasu poiduchu cyber cell help venum,ta-en
urgent request: bank account hack aagi kaasu poiduchu cyber cell help venum,ta-en
"dear sir, bank account hack aagi kaasu poiduchu cyber cell help venum",ta-en
complaint copy: bank account hack aagi kaasu poiduchu cyber cell help venum,ta-en
i want to report: bank account hack aagi kaasu poiduchu cyber cell help venum,ta-en
damaged product kuduthutu shopkeeper cash return panna matenguraru,ta-en
mill owner salary thara matenguran keta miratturan,ta-en
house owner sudden-ah veeta empty panna solran,ta-en
fake website-la net banking panni kaasu pochu,ta-en
enga nelathula fence pottu occupy pannikittanga,ta-en
adichu murder threat tharanga police help venum,ta-en
free lawyer apply panna enna vazhi nu sollunga,ta-en
washing machine repair keta replacement thara matenguranga,ta-en
office-la sexual harassment prachana iruku,ta-en
bank manager nu solli otp kettu kaasu eduthutanga,ta-en
reason illama work-la irundhu sudden termination,ta-en
mujhe salary do mahine se nahi mili kya karu,hi-en
please help: mujhe salary do mahine se nahi mili kya karu,hi-en
urgent request: mujhe salary do mahine se nahi mili kya karu,hi-en
"dear sir, mujhe salary do mahine se nahi mili kya karu",hi-en
complaint copy: mujhe salary do mahine se nahi mili kya karu,hi-en
i want to report: mujhe salary do mahine se nahi mili kya karu,hi-en
legal issue: mujhe salary do mahine se nahi mili kya karu,hi-en
grievance: mujhe salary do mahine se nahi mili kya karu,hi-en
mujhe salary do mahine se nahi mili kya karu please support me.,hi-en
mujhe salary do mahine se nahi mili kya karu immediately action required.,hi-en
mujhe salary do mahine se nahi mili kya karu kindly check this issue.,hi-en
mujhe salary do mahine se nahi mili kya karu need guidance.,hi-en
"hello, mujhe salary do mahine se nahi mili kya karu thank you.",hi-en
seller ke khilaf consumer court me complaint karni hai,hi-en
please help: seller ke khilaf consumer court me complaint karni hai,hi-en
urgent request: seller ke khilaf consumer court me complaint karni hai,hi-en
"dear sir, seller ke khilaf consumer court me complaint karni hai",hi-en
complaint copy: seller ke khilaf consumer court me complaint karni hai,hi-en
i want to report: seller ke khilaf consumer court me complaint karni hai,hi-en
legal issue: seller ke khilaf consumer court me complaint karni hai,hi-en
grievance: seller ke khilaf consumer court me complaint karni hai,hi-en
seller ke khilaf consumer court me complaint karni hai please support me.,hi-en
seller ke khilaf consumer court me complaint karni hai immediately action required.,hi-en
seller ke khilaf consumer court me complaint karni hai kindly check this issue.,hi-en
seller ke khilaf consumer court me complaint karni hai need guidance.,hi-en
"hello, seller ke khilaf consumer court me complaint karni hai thank you.",hi-en
online fraud se upi account se paise kat gaye,hi-en
please help: online fraud se upi account se paise kat gaye,hi-en
urgent request: online fraud se upi account se paise kat gaye,hi-en
"dear sir, online fraud se upi account se paise kat gaye",hi-en
complaint copy: online fraud se upi account se paise kat gaye,hi-en
i want to report: online fraud se upi account se paise kat gaye,hi-en
legal issue: online fraud se upi account se paise kat gaye,hi-en
grievance: online fraud se upi account se paise kat gaye,hi-en
online fraud se upi account se paise kat gaye please support me.,hi-en
online fraud se upi account se paise kat gaye immediately action required.,hi-en
online fraud se upi account se paise kat gaye kindly check this issue.,hi-en
online fraud se upi account se paise kat gaye need guidance.,hi-en
"hello, online fraud se upi account se paise kat gaye thank you.",hi-en
husband daily mere sath maarpeet karta hai aur dahej mangta hai,hi-en
please help: husband daily mere sath maarpeet karta hai aur dahej mangta hai,hi-en
urgent request: husband daily mere sath maarpeet karta hai aur dahej mangta hai,hi-en
"dear sir, husband daily mere sath maarpeet karta hai aur dahej mangta hai",hi-en
complaint copy: husband daily mere sath maarpeet karta hai aur dahej mangta hai,hi-en
i want to report: husband daily mere sath maarpeet karta hai aur dahej mangta hai,hi-en
legal issue: husband daily mere sath maarpeet karta hai aur dahej mangta hai,hi-en
grievance: husband daily mere sath maarpeet karta hai aur dahej mangta hai,hi-en
husband daily mere sath maarpeet karta hai aur dahej mangta hai please support me.,hi-en
husband daily mere sath maarpeet karta hai aur dahej mangta hai immediately action required.,hi-en
husband daily mere sath maarpeet karta hai aur dahej mangta hai kindly check this issue.,hi-en
husband daily mere sath maarpeet karta hai aur dahej mangta hai need guidance.,hi-en
"hello, husband daily mere sath maarpeet karta hai aur dahej mangta hai thank you.",hi-en
police bike चोरी ki fir register nahi kar rahi hai,hi-en
please help: police bike चोरी ki fir register nahi kar rahi hai,hi-en
urgent request: police bike चोरी ki fir register nahi kar rahi hai,hi-en
"dear sir, police bike चोरी ki fir register nahi kar rahi hai",hi-en
complaint copy: police bike चोरी ki fir register nahi kar rahi hai,hi-en
i want to report: police bike चोरी ki fir register nahi kar rahi hai,hi-en
legal issue: police bike चोरी ki fir register nahi kar rahi hai,hi-en
grievance: police bike चोरी ki fir register nahi kar rahi hai,hi-en
police bike चोरी ki fir register nahi kar rahi hai please support me.,hi-en
police bike चोरी ki fir register nahi kar rahi hai immediately action required.,hi-en
police bike चोरी ki fir register nahi kar rahi hai kindly check this issue.,hi-en
police bike चोरी ki fir register nahi kar rahi hai need guidance.,hi-en
"hello, police bike चोरी ki fir register nahi kar rahi hai thank you.",hi-en
job se bina notice ke nikal diya hai compensation chahiye,hi-en
please help: job se bina notice ke nikal diya hai compensation chahiye,hi-en
urgent request: job se bina notice ke nikal diya hai compensation chahiye,hi-en
"dear sir, job se bina notice ke nikal diya hai compensation chahiye",hi-en
complaint copy: job se bina notice ke nikal diya hai compensation chahiye,hi-en
i want to report: job se bina notice ke nikal diya hai compensation chahiye,hi-en
legal issue: job se bina notice ke nikal diya hai compensation chahiye,hi-en
grievance: job se bina notice ke nikal diya hai compensation chahiye,hi-en
job se bina notice ke nikal diya hai compensation chahiye please support me.,hi-en
job se bina notice ke nikal diya hai compensation chahiye immediately action required.,hi-en
job se bina notice ke nikal diya hai compensation chahiye kindly check this issue.,hi-en
job se bina notice ke nikal diya hai compensation chahiye need guidance.,hi-en
"hello, job se bina notice ke nikal diya hai compensation chahiye thank you.",hi-en
padosi ke sath property land dispute chal raha hai legal advice,hi-en
please help: padosi ke sath property land dispute chal raha hai legal advice,hi-en
urgent request: padosi ke sath property land dispute chal raha hai legal advice,hi-en
"dear sir, padosi ke sath property land dispute chal raha hai legal advice",hi-en
complaint copy: padosi ke sath property land dispute chal raha hai legal advice,hi-en
i want to report: padosi ke sath property land dispute chal raha hai legal advice,hi-en
legal issue: padosi ke sath property land dispute chal raha hai legal advice,hi-en
grievance: padosi ke sath property land dispute chal raha hai legal advice,hi-en
padosi ke sath property land dispute chal raha hai legal advice please support me.,hi-en
padosi ke sath property land dispute chal raha hai legal advice immediately action required.,hi-en
padosi ke sath property land dispute chal raha hai legal advice kindly check this issue.,hi-en
padosi ke sath property land dispute chal raha hai legal advice need guidance.,hi-en
"hello, padosi ke sath property land dispute chal raha hai legal advice thank you.",hi-en
women safety and domestic violence case report karna hai,hi-en
please help: women safety and domestic violence case report karna hai,hi-en
urgent request: women safety and domestic violence case report karna hai,hi-en
"dear sir, women safety and domestic violence case report karna hai",hi-en
complaint copy: women safety and domestic violence case report karna hai,hi-en
i want to report: women safety and domestic violence case report karna hai,hi-en
legal issue: women safety and domestic violence case report karna hai,hi-en
grievance: women safety and domestic violence case report karna hai,hi-en
women safety and domestic violence case report karna hai please support me.,hi-en
women safety and domestic violence case report karna hai immediately action required.,hi-en
women safety and domestic violence case report karna hai kindly check this issue.,hi-en
women safety and domestic violence case report karna hai need guidance.,hi-en
"hello, women safety and domestic violence case report karna hai thank you.",hi-en
bank account details hack ho gayi cyber crime cell help,hi-en
please help: bank account details hack ho gayi cyber crime cell help,hi-en
urgent request: bank account details hack ho gayi cyber crime cell help,hi-en
"dear sir, bank account details hack ho gayi cyber crime cell help",hi-en
complaint copy: bank account details hack ho gayi cyber crime cell help,hi-en
i want to report: bank account details hack ho gayi cyber crime cell help,hi-en
defective product ke liye shopkeeper refund nahi de raha hai,hi-en
owner salary dene se mana kar raha hai,hi-en
landlord bina notice ghar khali karne ko bol raha hai,hi-en
phishing link se bank account khali ho gaya upi fraud,hi-en
padosi ne hamari jameen par kabza kar liya hai,hi-en
marpit aur jaan se marne ki dhamki de rahe hai log,hi-en
free government lawyer kaise milega advice chahiye,hi-en
product defective hai fir bhi refund nahi mila,hi-en
office me manager harassment kar raha hai,hi-en
otp scam me credit card se paise nikal gaye,hi-en
bina kisi galti ke sudden termination ho gaya,hi-en
